{
    "Overall_Avg": 11.131716757741348,
    "Hourly_Avg": {
        "0": 8.78415300546448,
        "1": 8.245901639344263,
        "2": 8.633879781420765,
        "3": 9.183060109289617,
        "4": 9.19672131147541,
        "5": 9.131147540983607,
        "6": 9.53551912568306,
        "7": 10.158469945355192,
        "8": 10.994535519125684,
        "9": 10.382513661202186,
        "10": 11.366120218579235,
        "11": 11.789617486338798,
        "12": 11.497267759562842,
        "13": 10.959016393442623,
        "14": 11.808743169398907,
        "15": 12.387978142076502,
        "16": 12.633879781420765,
        "17": 12.866120218579235,
        "18": 11.765027322404372,
        "19": 12.915300546448087,
        "20": 13.398907103825136,
        "21": 13.30327868852459,
        "22": 13.191256830601093,
        "23": 13.032786885245901
    },
    "Weekday_Highest": 2,
    "WH_val": 18098,
    "Daily_Avg": 13968.714285714286,
    "Monthly_Avg": {
        "1": 11.905913978494624,
        "2": 12.008620689655173,
        "3": 11.100806451612904,
        "4": 10.980555555555556,
        "5": 10.798387096774194,
        "6": 10.952777777777778,
        "7": 10.47983870967742,
        "8": 10.571236559139784,
        "9": 11.465277777777779,
        "10": 11.21236559139785,
        "11": 10.970833333333333,
        "12": 11.185483870967742
    },
    "Highest_Hour": 20,
    "HH_val": 13.398907103825136,
    "Highest_Day": "1-20",
    "HD_val": 399.0,
    "Highest_Month": 2,
    "HM_val": 12.008620689655173
}